{"bulk_struct_test": "bulk_In2O3_Ia3", "bulk_E_per_atom": -1128.7679659739165, "defects": {"ind_0_Z_49": {"Ef0": 1976.6769914490287, "Ef": 1976.2214963513543, "unrelaxed_filename": "In2O3-model-GAP_itB_3_b_7_virials2-test-vacancy_In2O3_R3c_222-ind_0_Z_49-unrelaxed.xyz", "relaxed_filename": "In2O3-model-GAP_itB_3_b_7_virials2-test-vacancy_In2O3_R3c_222-ind_0_Z_49-relaxed.xyz", "atom_ind": 0, "Z": 49, "vac_pos": [8.074795500567209, 4.358800137537049, 3.0096962717094606], "dmu": [1, 49]}, "ind_4_Z_8": {"Ef0": 568.5189347246342, "Ef": 568.3803011757263, "unrelaxed_filename": "In2O3-model-GAP_itB_3_b_7_virials2-test-vacancy_In2O3_R3c_222-ind_4_Z_8-unrelaxed.xyz", "relaxed_filename": "In2O3-model-GAP_itB_3_b_7_virials2-test-vacancy_In2O3_R3c_222-ind_4_Z_8-relaxed.xyz", "atom_ind": 4, "Z": 8, "vac_pos": [7.116916699283744, 5.076735134435824, 1.1425015980460282], "dmu": [1, 8]}}}