{"E_vs_V": [[9.763942216450976, -1127.8857330293927, [-0.44325726971896373, -0.44325254168524353, -0.44325152441915955, -1.3424480052870447e-06, -2.486921235889117e-06, -3.6016970996009118e-06]], [10.089407068164233, -1128.0186891540486, [-0.3696230317769476, -0.37004209375514596, -0.3701322575658639, 0.00011898580890958022, 0.0002204244290165136, 0.00031923086870360405]], [10.414871812298632, -1128.1297566438718, [-0.30731706097443906, -0.3074564742140861, -0.30748646984624817, 3.958411393822914e-05, 7.333064163639325e-05, 0.00010620149743209052]], [10.740336556432965, -1128.2220692437113, [-0.25324566959869266, -0.25278844587257504, -0.2526900713226463, -0.00012982121436745653, -0.00024049731067410374, -0.00034830152787486933]], [11.065801300567266, -1128.297479872081, [-0.20514540939395715, -0.20543152934774492, -0.20549308984881165, 8.123909091703463e-05, 0.00015049761306282217, 0.00021795898018280415]], [11.391266044701567, -1128.3585306846921, [-0.16195843000667595, -0.16194764428366887, -0.16194532366777373, -3.0624300065354437e-06, -5.673234411612826e-06, -8.216292348691605e-06]], [11.716730788835914, -1128.4053953582156, [-0.12238445097036496, -0.12272702507768593, -0.12280073204366347, 9.726832638602689e-05, 0.00018019220528511792, 0.00026096433359698503]], [12.042195532970283, -1128.440148856076, [-0.08674921782903411, -0.08669015687094625, -0.0866774495357003, -1.6769395074361926e-05, -3.106575790893379e-05, -4.499115151812517e-05]], [12.36766027710463, -1128.4643208391267, [-0.054448906180936105, -0.05426858509992427, -0.054229787889338, -5.1199227808725045e-05, -9.484795421619424e-05, -0.00013736406148027642]], [12.693125021238906, -1128.478047881315, [-0.0254254627087229, -0.025626706065487875, -0.025670004834814707, 5.7139766521968616e-05, 0.00010585296284633394, 0.00015330212461043454]], [13.018589765373255, -1128.482974761263, [0.00012952036151344428, 1.6697948418892032e-05, -7.57650077540006e-06, 3.203408274587748e-05, 5.934400465938405e-05, 8.594527496015622e-05]]], "c11": 205.2255564980426, "c33": 253.42379924050903, "c12": 117.08387237279331, "c13": 118.36589311323064, "c44": 48.71384603509214, "c14": 11.274133051878175, "c15": -1.341598296361286, "c25": -11.274133051878175, "c66": 44.07084206262465, "B": 150.85998899177824}