{"bulk_struct_test": "bulk_In2O3_Ia3", "bulk_E_per_atom": -1128.7975989835309, "defects": {"ind_0_Z_49": {"Ef0": 1977.0532741246643, "Ef": 1976.5835624336469, "unrelaxed_filename": "In2O3-model-GAP_itB_3_b_7_virials2-test-vacancy_In2O3_singleunit_Ia3-ind_0_Z_49-unrelaxed.xyz", "relaxed_filename": "In2O3-model-GAP_itB_3_b_7_virials2-test-vacancy_In2O3_singleunit_Ia3-ind_0_Z_49-relaxed.xyz", "atom_ind": 0, "Z": 49, "vac_pos": [7.23247902879789, 1.193032903213359, 1.5750514643345883], "dmu": [1, 49]}, "ind_3_Z_49": {"Ef0": 1976.9565893195686, "Ef": 1976.4348381130985, "unrelaxed_filename": "In2O3-model-GAP_itB_3_b_7_virials2-test-vacancy_In2O3_singleunit_Ia3-ind_3_Z_49-unrelaxed.xyz", "relaxed_filename": "In2O3-model-GAP_itB_3_b_7_virials2-test-vacancy_In2O3_singleunit_Ia3-ind_3_Z_49-relaxed.xyz", "atom_ind": 3, "Z": 49, "vac_pos": [-1.2860241314082128, 4.062940322165526, 3.3957739974923884], "dmu": [1, 49]}, "ind_16_Z_8": {"Ef0": 568.4379929361166, "Ef": 568.0901613939277, "unrelaxed_filename": "In2O3-model-GAP_itB_3_b_7_virials2-test-vacancy_In2O3_singleunit_Ia3-ind_16_Z_8-unrelaxed.xyz", "relaxed_filename": "In2O3-model-GAP_itB_3_b_7_virials2-test-vacancy_In2O3_singleunit_Ia3-ind_16_Z_8-relaxed.xyz", "atom_ind": 16, "Z": 8, "vac_pos": [-2.097807249137926, 3.4306609501812395, 5.301390408481948], "dmu": [1, 8]}}}