{"bulk_struct_test": "bulk_In2O3_Ia3", "bulk_E_per_atom": -1128.7975989834943, "defects": {"ind_0_Z_49": {"Ef0": 1977.0532741243296, "Ef": 1976.583562429907, "unrelaxed_filename": "In2O3-model-GAP_itB_3_b_7_virials2-test-vacancy_In2O3_Ia3_111-ind_0_Z_49-unrelaxed.xyz", "relaxed_filename": "In2O3-model-GAP_itB_3_b_7_virials2-test-vacancy_In2O3_Ia3_111-ind_0_Z_49-relaxed.xyz", "atom_ind": 0, "Z": 49, "vac_pos": [7.22405605792515, 1.1989888430686724, 1.5647354750791742], "dmu": [1, 49]}, "ind_3_Z_49": {"Ef0": 1976.9565893189647, "Ef": 1976.434838099216, "unrelaxed_filename": "In2O3-model-GAP_itB_3_b_7_virials2-test-vacancy_In2O3_Ia3_111-ind_3_Z_49-unrelaxed.xyz", "relaxed_filename": "In2O3-model-GAP_itB_3_b_7_virials2-test-vacancy_In2O3_Ia3_111-ind_3_Z_49-relaxed.xyz", "atom_ind": 3, "Z": 49, "vac_pos": [-1.3075544510422892, 4.086314079763664, 3.409236444196416], "dmu": [1, 49]}, "ind_16_Z_8": {"Ef0": 568.4379929351271, "Ef": 568.0901613943424, "unrelaxed_filename": "In2O3-model-GAP_itB_3_b_7_virials2-test-vacancy_In2O3_Ia3_111-ind_16_Z_8-unrelaxed.xyz", "relaxed_filename": "In2O3-model-GAP_itB_3_b_7_virials2-test-vacancy_In2O3_Ia3_111-ind_16_Z_8-relaxed.xyz", "atom_ind": 16, "Z": 8, "vac_pos": [-2.117813508617193, 3.456355111997659, 5.295150273083467], "dmu": [1, 8]}}}